ride_id,rideable_type,started_at,ended_at,start_station_name,start_station_id,end_station_name,end_station_id,start_lat,start_lng,end_lat,end_lng,member_casual
0BA452AE2A45533A,classic_bike,2025-04-16 18:51:37.121,2025-04-16 18:58:04.620,Sterling Pl & Franklin Ave,4033.16,Prospect Pl & Underhill Ave,4116.08,40.67324785,-73.95689517,40.6769694,-73.96579,member
8DDDD619E2ADE787,classic_bike,2025-04-27 18:08:55.957,2025-04-27 18:11:12.028,Caton Ave & Bedford Ave,3368.04,Ocean Ave & Crooke Ave,3408.05,40.65237,-73.95623,40.65326,-73.96172,member
576111B689F3CA96,classic_bike,2025-04-15 16:40:14.248,2025-04-15 16:55:45.116,Broadway & W 41 St,6560.01,St Marks Pl & 2 Ave,5669.10,40.75513557,-73.98658032,40.7284186,-73.98713956,member
85E25F0B4A274172,electric_bike,2025-04-24 19:16:26.479,2025-04-24 19:22:32.853,Isham St & Broadway,8665.09,Dyckman St & Staff St,8655.02,40.86788,-73.919685,40.868846,-73.931537,member
060D5BE3E6080003,electric_bike,2025-04-16 08:13:35.907,2025-04-16 08:30:42.392,W 111 St & 5 Ave,7587.16,W 52 St & 5 Ave,6700.01,40.79752078124755,-73.9489397406578,40.75992262,-73.97648516,member
E0635E1EEA2BD066,electric_bike,2025-04-25 08:08:20.449,2025-04-25 08:15:55.971,Caton Ave & Bedford Ave,3368.04,Rogers Ave & Sterling St,3696.05,40.65237,-73.95623,40.6630619,-73.9538746,member
D33DCB20C01DF1C9,electric_bike,2025-04-29 05:52:26.535,2025-04-29 05:57:28.274,Court St & State St,4488.08,Adams St & Prospect St,4821.10,40.6902375,-73.99203074,40.700763083261506,-73.98869812488556,member
7A6B70FBFA4DD36C,electric_bike,2025-04-30 10:01:25.416,2025-04-30 10:25:19.120,President St & 4 Ave,4101.17,E 1 St & Bowery,5636.13,40.676757,-73.983262,40.72486122254819,-73.99213135242462,member
0AAAE2EFD7927AD8,classic_bike,2025-04-27 01:06:45.677,2025-04-27 01:08:29.353,Underhill Ave & Pacific St,4231.04,Prospect Pl & Underhill Ave,4116.08,40.6804836,-73.9646795,40.6769694,-73.96579,member
02DFFCA0C221B9BF,electric_bike,2025-04-17 01:02:39.230,2025-04-17 01:08:49.133,W 111 St & 5 Ave,7587.16,5 Ave & W 131 St,7735.05,40.79752078124755,-73.9489397406578,40.81014,-73.93973,member
7A04F5C25B1E3E5C,electric_bike,2025-04-18 17:46:21.579,2025-04-18 17:52:21.485,W 54 St & 11 Ave,6955.05,W 52 St & 5 Ave,6700.01,40.768333,-73.992573,40.75992262,-73.97648516,member
0BD545383D65D17A,electric_bike,2025-04-16 00:01:39.920,2025-04-16 00:02:54.871,Underhill Ave & Pacific St,4231.04,Prospect Pl & Underhill Ave,4116.08,40.6804836,-73.9646795,40.6769694,-73.96579,member
46F8D4A5A2BC5279,electric_bike,2025-04-17 17:56:38.481,2025-04-17 18:01:22.598,Broadway & W 61 St,7014.12,W 76 St & Columbus Ave,7281.09,40.77003010255044,-73.9819684624672,40.7801839724239,-73.97728532552719,member
4D6241A8DCA61511,classic_bike,2025-04-17 20:07:22.307,2025-04-17 20:20:35.377,Court St & State St,4488.08,Prospect Pl & Underhill Ave,4116.08,40.6902375,-73.99203074,40.6769694,-73.96579,member
2A9D3B4246326565,electric_bike,2025-04-23 20:16:25.730,2025-04-23 20:58:01.053,W 106 St & Central Park W,7606.01,Columbus Ave & W 103 St,7595.17,40.7981856,-73.9605909006,40.7969347,-73.9643412291,member
CB88A5973236C5BC,electric_bike,2025-04-29 20:20:07.928,2025-04-29 20:34:33.631,W 59 St & 10 Ave,7023.04,Columbus Ave & W 103 St,7595.17,40.770513,-73.988038,40.7969347,-73.9643412291,member
3D9A0CF6D8B3BDEC,electric_bike,2025-04-25 15:13:00.655,2025-04-25 15:41:31.990,E 68 St & Madison Ave,6932.15,E 1 St & Bowery,5636.13,40.7691572,-73.96703464,40.72486122254819,-73.99213135242462,member
869A55FA7018F949,classic_bike,2025-04-28 22:10:36.678,2025-04-28 22:29:25.676,W 59 St & 10 Ave,7023.04,E 91 St & 2 Ave,7286.01,40.770513,-73.988038,40.78115276427915,-73.94963040947914,member
161E3ED96199D937,classic_bike,2025-04-22 14:17:47.451,2025-04-22 14:31:22.980,Underhill Ave & Pacific St,4231.04,Rogers Ave & Lenox Rd,3400.04,40.6804836,-73.9646795,40.65378,-73.95273,member
7423885DD45B0861,classic_bike,2025-04-26 21:19:16.922,2025-04-26 21:21:10.971,Underhill Ave & Pacific St,4231.04,Prospect Pl & Underhill Ave,4116.08,40.6804836,-73.9646795,40.6769694,-73.96579,member
78AFD071E5D739B6,classic_bike,2025-04-21 16:38:38.537,2025-04-21 16:41:06.497,Underhill Ave & Pacific St,4231.04,Prospect Pl & Underhill Ave,4116.08,40.6804836,-73.9646795,40.6769694,-73.96579,member
6F6E2C3CDE922E99,electric_bike,2025-04-14 20:43:39.157,2025-04-14 21:02:08.011,W 59 St & 10 Ave,7023.04,E 91 St & 2 Ave,7286.01,40.770513,-73.988038,40.78115276427915,-73.94963040947914,member
1CA52E03D50C25AB,electric_bike,2025-04-21 09:25:45.086,2025-04-21 09:28:16.995,W 106 St & Central Park W,7606.01,Columbus Ave & W 103 St,7595.17,40.7981856,-73.9605909006,40.7969347,-73.9643412291,member
B808193779A60324,electric_bike,2025-04-21 02:49:09.226,2025-04-21 02:53:23.608,Delancey St & Eldridge St,5414.07,St Marks Pl & 2 Ave,5669.10,40.719383,-73.991479,40.7284186,-73.98713956,member
F476B3F8AC87C79D,electric_bike,2025-04-23 17:04:18.659,2025-04-23 17:11:07.271,E 72 St & Park Ave,6998.08,W 76 St & Columbus Ave,7281.09,40.77118287540658,-73.96409422159195,40.7801839724239,-73.97728532552719,member
490303CE8DF87F44,electric_bike,2025-04-25 15:14:05.477,2025-04-25 15:21:38.518,E 72 St & Park Ave,6998.08,W 76 St & Columbus Ave,7281.09,40.77118287540658,-73.96409422159195,40.7801839724239,-73.97728532552719,member
1CCAB63C1CA7F4A6,electric_bike,2025-04-22 10:52:13.222,2025-04-22 11:08:20.643,E 68 St & Madison Ave,6932.15,St Marks Pl & 2 Ave,5669.10,40.7691572,-73.96703464,40.7284186,-73.98713956,member
A7C6ED01A3225013,classic_bike,2025-04-18 11:39:02.720,2025-04-18 12:03:58.631,W 59 St & 10 Ave,7023.04,W 76 St & Columbus Ave,7281.09,40.770513,-73.988038,40.7801839724239,-73.97728532552719,casual
6A1BFE5A2A83CAFA,electric_bike,2025-04-20 15:00:41.226,2025-04-20 15:25:36.036,Sterling Pl & Franklin Ave,4033.16,Meserole Ave & Manhattan Ave,5666.04,40.67324785,-73.95689517,40.72708584,-73.95299117,casual
DAB2E060D932A514,electric_bike,2025-04-18 18:23:17.721,2025-04-18 18:30:19.144,Broadway & W 61 St,7014.12,W 76 St & Columbus Ave,7281.09,40.77003010255044,-73.9819684624672,40.7801839724239,-73.97728532552719,casual
6298FF5913BB5B70,electric_bike,2025-04-24 13:58:22.260,2025-04-24 14:04:59.701,Broadway & W 61 St,7014.12,W 52 St & 5 Ave,6700.01,40.77003010255044,-73.9819684624672,40.75992262,-73.97648516,casual
B1CC9A7CDE119E6B,electric_bike,2025-04-27 16:19:53.735,2025-04-27 16:23:07.230,Sterling Pl & Franklin Ave,4033.16,Prospect Pl & Underhill Ave,4116.08,40.67324785,-73.95689517,40.6769694,-73.96579,casual
F101FE0753F1AFBA,electric_bike,2025-04-26 18:46:13.508,2025-04-26 19:05:03.396,Underhill Ave & Pacific St,4231.04,Adams St & Prospect St,4821.10,40.6804836,-73.9646795,40.700763083261506,-73.98869812488556,casual
0D39B8DDC1DF4CB7,electric_bike,2025-04-29 14:27:20.378,2025-04-29 14:58:16.814,W 54 St & 11 Ave,6955.05,Broad St & Bridge St,4962.08,40.768333,-73.992573,40.70365182,-74.01167797,casual
52A4B67D0E446171,classic_bike,2025-04-23 10:36:45.857,2025-04-23 10:39:09.140,Underhill Ave & Pacific St,4231.04,Prospect Pl & Underhill Ave,4116.08,40.6804836,-73.9646795,40.6769694,-73.96579,member
0921050B88F9CB1F,electric_bike,2025-04-25 13:44:13.106,2025-04-25 14:06:00.249,W 59 St & 10 Ave,7023.04,St Marks Pl & 2 Ave,5669.10,40.770513,-73.988038,40.7284186,-73.98713956,casual
B6A827CC9CC38AA3,electric_bike,2025-04-28 19:04:36.515,2025-04-28 19:19:13.189,Broadway & W 61 St,7014.12,Columbus Ave & W 103 St,7595.17,40.77003010255044,-73.9819684624672,40.7969347,-73.9643412291,casual
0264ECBA7897CF82,electric_bike,2025-04-29 17:01:33.966,2025-04-29 17:09:27.349,E 68 St & Madison Ave,6932.15,W 76 St & Columbus Ave,7281.09,40.7691572,-73.96703464,40.7801839724239,-73.97728532552719,casual
F54AF2EB427134A1,classic_bike,2025-04-16 18:51:53.335,2025-04-16 18:57:59.094,Sterling Pl & Franklin Ave,4033.16,Prospect Pl & Underhill Ave,4116.08,40.67324785,-73.95689517,40.6769694,-73.96579,member
0CBE892C77497251,classic_bike,2025-04-15 21:57:57.431,2025-04-15 22:05:24.394,Broadway & W 61 St,7014.12,W 76 St & Columbus Ave,7281.09,40.77003010255044,-73.9819684624672,40.7801839724239,-73.97728532552719,member
038C6F854913F546,electric_bike,2025-04-22 16:59:45.058,2025-04-22 17:04:46.532,Clarkson Ave & E 37 St,3463.01,Rogers Ave & Lenox Rd,3400.04,40.65577,-73.9432,40.65378,-73.95273,member
0BAC8467849CE51B,electric_bike,2025-04-24 18:55:49.767,2025-04-24 18:57:50.022,Delancey St & Eldridge St,5414.07,E 1 St & Bowery,5636.13,40.719383,-73.991479,40.72486122254819,-73.99213135242462,member
E1CAD30226C472EC,classic_bike,2025-04-22 09:43:03.827,2025-04-22 09:49:47.756,Court St & State St,4488.08,Adams St & Prospect St,4821.10,40.6902375,-73.99203074,40.700763083261506,-73.98869812488556,member
DEC6E3D15042A52B,electric_bike,2025-04-21 22:50:40.086,2025-04-21 22:55:31.582,W 111 St & 5 Ave,7587.16,Columbus Ave & W 103 St,7595.17,40.79752078124755,-73.9489397406578,40.7969347,-73.9643412291,member
E37BB62CD13DA9CA,electric_bike,2025-04-22 22:52:47.021,2025-04-22 22:59:22.771,W 111 St & 5 Ave,7587.16,Columbus Ave & W 103 St,7595.17,40.79752078124755,-73.9489397406578,40.7969347,-73.9643412291,member
8D053D4991EAA617,electric_bike,2025-04-18 18:23:57.245,2025-04-18 18:30:17.056,Broadway & W 61 St,7014.12,W 76 St & Columbus Ave,7281.09,40.77003010255044,-73.9819684624672,40.7801839724239,-73.97728532552719,member
A5BDF47BE512CA81,classic_bike,2025-04-15 06:29:00.561,2025-04-15 06:43:56.794,W 111 St & 5 Ave,7587.16,W 76 St & Columbus Ave,7281.09,40.79752078124755,-73.9489397406578,40.7801839724239,-73.97728532552719,member
B2B7B3AF63004AE2,electric_bike,2025-04-17 18:02:17.984,2025-04-17 18:13:43.519,W 106 St & Central Park W,7606.01,W 76 St & Columbus Ave,7281.09,40.7981856,-73.9605909006,40.7801839724239,-73.97728532552719,member
D61186309CAB9C49,electric_bike,2025-04-20 01:38:06.712,2025-04-20 01:41:47.996,Broadway & W 61 St,7014.12,W 76 St & Columbus Ave,7281.09,40.77003010255044,-73.9819684624672,40.7801839724239,-73.97728532552719,member
463FC3455ED139D1,electric_bike,2025-04-20 13:15:13.866,2025-04-20 13:25:59.975,Jerome Ave & W Fordham Rd,8586.09,Shakespeare Ave & W 169 St,8198.05,40.86294,-73.90108,40.839312,-73.922423,member
36F4C4520FA7288C,electric_bike,2025-04-16 16:36:31.402,2025-04-16 16:42:52.313,W 59 St & 10 Ave,7023.04,W 76 St & Columbus Ave,7281.09,40.770513,-73.988038,40.7801839724239,-73.97728532552719,member
234358D82B18762B,electric_bike,2025-04-19 14:47:10.824,2025-04-19 14:52:53.284,Barrow St & Hudson St,5805.05,E 1 St & Bowery,5636.13,40.73172428,-74.00674436,40.72486122254819,-73.99213135242462,member
6D127247D99A1A2A,electric_bike,2025-04-30 18:05:36.787,2025-04-30 18:11:39.517,Court St & State St,4488.08,Adams St & Prospect St,4821.10,40.6902375,-73.99203074,40.700763083261506,-73.98869812488556,member
28F6ABB9B0E06B11,electric_bike,2025-04-29 23:46:39.765,2025-04-29 23:50:55.532,Grand Concourse & E Mount Eden Ave,8265.09,Shakespeare Ave & W 169 St,8198.05,40.84301,-73.91172,40.839312,-73.922423,member
3EFB32D8DCE44844,electric_bike,2025-04-24 07:58:01.527,2025-04-24 08:11:50.369,46 St & Queens Blvd,6209.08,Meserole Ave & Manhattan Ave,5666.04,40.74349759836971,-73.91860529780388,40.72708584,-73.95299117,member
3F7B8A97C0E50720,electric_bike,2025-04-24 16:31:58.652,2025-04-24 16:51:46.450,Broadway & W 41 St,6560.01,E 103 St & Lexington Ave,7463.09,40.75513557,-73.98658032,40.7903051,-73.94755757,member
D238C48C90348CF3,classic_bike,2025-04-22 19:03:08.122,2025-04-22 19:24:11.605,Court St & State St,4488.08,Prospect Pl & Underhill Ave,4116.08,40.6902375,-73.99203074,40.6769694,-73.96579,member
DB9BECDEF24E1660,electric_bike,2025-04-18 13:02:26.976,2025-04-18 13:21:49.778,Macon St & Nostrand Ave,4214.03,Meserole Ave & Manhattan Ave,5666.04,40.6809833854,-73.9500479759,40.72708584,-73.95299117,member
342EF3E051D1EF67,classic_bike,2025-04-29 16:49:42.393,2025-04-29 17:00:29.394,Irving Ave & Palmetto St,4775.01,Central Ave & Himrod St,4713.01,40.698,-73.9127,40.69676,-73.92302,member
798C3A9F702600D8,electric_bike,2025-04-24 08:17:15.246,2025-04-24 08:33:25.656,W 106 St & Central Park W,7606.01,W 52 St & 5 Ave,6700.01,40.7981856,-73.9605909006,40.75992262,-73.97648516,member
EB33884ED746FDAD,electric_bike,2025-04-29 19:37:07.408,2025-04-29 19:45:33.501,Court St & State St,4488.08,Prospect Pl & Underhill Ave,4116.08,40.6902375,-73.99203074,40.6769694,-73.96579,member
627DA4D0CD6501DE,classic_bike,2025-04-21 19:34:30.818,2025-04-21 19:56:14.710,Court St & State St,4488.08,Prospect Pl & Underhill Ave,4116.08,40.6902375,-73.99203074,40.6769694,-73.96579,member
2592B792542820F5,electric_bike,2025-04-28 19:47:09.547,2025-04-28 19:56:07.795,Broadway & W 61 St,7014.12,W 29 St & 9 Ave,6416.06,40.77003010255044,-73.9819684624672,40.7500727,-73.99839279,member
C63AB0A003CAA5F2,electric_bike,2025-04-28 19:30:54.100,2025-04-28 19:35:59.656,Broadway & W 61 St,7014.12,W 76 St & Columbus Ave,7281.09,40.77003010255044,-73.9819684624672,40.7801839724239,-73.97728532552719,member
919D05E55B2A21F9,classic_bike,2025-04-23 19:05:22.488,2025-04-23 19:27:59.360,Court St & State St,4488.08,Prospect Pl & Underhill Ave,4116.08,40.6902375,-73.99203074,40.6769694,-73.96579,member
61DE84EAAB3CAF6A,classic_bike,2025-04-24 19:22:29.075,2025-04-24 19:44:11.861,Court St & State St,4488.08,Prospect Pl & Underhill Ave,4116.08,40.6902375,-73.99203074,40.6769694,-73.96579,member
5F20FA803B677A65,classic_bike,2025-04-20 10:13:35.657,2025-04-20 10:31:08.911,Broadway & W 61 St,7014.12,W 76 St & Columbus Ave,7281.09,40.77003010255044,-73.9819684624672,40.7801839724239,-73.97728532552719,casual
EB8DBFF694ABE485,electric_bike,2025-04-26 16:21:01.977,2025-04-26 16:36:52.127,Delancey St & Eldridge St,5414.07,W 29 St & 9 Ave,6416.06,40.719383,-73.991479,40.7500727,-73.99839279,member
7A16A6CB307EE3BF,electric_bike,2025-04-28 20:11:19.995,2025-04-28 20:31:32.041,W 106 St & Central Park W,7606.01,Columbus Ave & W 103 St,7595.17,40.7981856,-73.9605909006,40.7969347,-73.9643412291,member
D10800D03E08BF2C,electric_bike,2025-04-25 12:26:24.890,2025-04-25 12:32:37.461,Cherry St,5181.04,E 1 St & Bowery,5636.13,40.71219906,-73.97948148,40.72486122254819,-73.99213135242462,member
B3A1209023C0324E,electric_bike,2025-04-15 08:10:00.846,2025-04-15 08:18:04.101,W 54 St & 11 Ave,6955.05,W 52 St & 5 Ave,6700.01,40.768333,-73.992573,40.75992262,-73.97648516,member
D5D057D056C00CB4,electric_bike,2025-04-28 16:00:37.141,2025-04-28 16:06:20.039,Broadway & W 41 St,6560.01,W 52 St & 5 Ave,6700.01,40.75513557,-73.98658032,40.75992262,-73.97648516,member
3F9679E8AF1ACD81,electric_bike,2025-04-25 16:52:58.488,2025-04-25 17:15:46.819,W 59 St & 10 Ave,7023.04,E 1 St & Bowery,5636.13,40.770513,-73.988038,40.72486122254819,-73.99213135242462,member
04E5DDB34B20D257,electric_bike,2025-04-20 22:44:21.089,2025-04-20 22:56:25.750,Sterling Pl & Franklin Ave,4033.16,Rogers Ave & Lenox Rd,3400.04,40.67324785,-73.95689517,40.65378,-73.95273,member
3F4E611C3698E822,classic_bike,2025-04-30 09:36:35.519,2025-04-30 09:40:44.228,Caton Ave & Bedford Ave,3368.04,Ocean Ave & Crooke Ave,3408.05,40.65237,-73.95623,40.65326,-73.96172,member
8E6D3B64BBA54FB4,classic_bike,2025-04-24 15:51:07.736,2025-04-24 16:02:46.355,W 111 St & 5 Ave,7587.16,E 91 St & 2 Ave,7286.01,40.79752078124755,-73.9489397406578,40.78115276427915,-73.94963040947914,member
2C40B84A1A030254,classic_bike,2025-04-23 15:52:07.978,2025-04-23 15:59:21.945,Broadway & W 61 St,7014.12,W 76 St & Columbus Ave,7281.09,40.77003010255044,-73.9819684624672,40.7801839724239,-73.97728532552719,member
EA0FD014EEB37F13,electric_bike,2025-04-24 15:59:04.060,2025-04-24 16:12:12.982,46 St & Queens Blvd,6209.08,55 Dr & Maurice Ave,5579.04,40.74349759836971,-73.91860529780388,40.7261,-73.90917,member
29C700EAB6B367A0,electric_bike,2025-04-30 14:33:15.286,2025-04-30 14:44:54.519,W 54 St & 11 Ave,6955.05,W 29 St & 9 Ave,6416.06,40.768333,-73.992573,40.7500727,-73.99839279,member
923615F815CAFB2D,classic_bike,2025-04-15 06:49:04.179,2025-04-15 06:51:00.123,W 135 St & Lenox Terrace Pl,7832.04,5 Ave & W 131 St,7735.05,40.813619,-73.939336,40.81014,-73.93973,member
1097401430393DD9,electric_bike,2025-04-29 08:01:39.585,2025-04-29 08:06:55.226,W 59 St & 10 Ave,7023.04,W 52 St & 5 Ave,6700.01,40.770513,-73.988038,40.75992262,-73.97648516,member
47B51E802BC7FC44,classic_bike,2025-04-24 08:54:53.987,2025-04-24 08:57:29.088,Caton Ave & Bedford Ave,3368.04,Ocean Ave & Crooke Ave,3408.05,40.65237,-73.95623,40.65326,-73.96172,member
0149FFBE9BD675CC,classic_bike,2025-04-23 14:48:20.957,2025-04-23 14:59:09.412,W 106 St & Central Park W,7606.01,W 76 St & Columbus Ave,7281.09,40.7981856,-73.9605909006,40.7801839724239,-73.97728532552719,member
C702ECD4B20EA43A,classic_bike,2025-04-20 17:51:32.848,2025-04-20 18:17:53.892,Broadway & W 61 St,7014.12,E 1 St & Bowery,5636.13,40.77003010255044,-73.9819684624672,40.72486122254819,-73.99213135242462,member
F7056CADEE398486,electric_bike,2025-04-24 11:42:46.025,2025-04-24 12:01:43.697,46 St & Queens Blvd,6209.08,W 52 St & 5 Ave,6700.01,40.74349759836971,-73.91860529780388,40.75992262,-73.97648516,member
DC00182D4ADAD9F7,classic_bike,2025-04-20 10:12:54.453,2025-04-20 10:30:44.380,Broadway & W 61 St,7014.12,W 76 St & Columbus Ave,7281.09,40.77003010255044,-73.9819684624672,40.7801839724239,-73.97728532552719,casual
DA71E26DD6F9A00F,electric_bike,2025-04-21 16:13:39.121,2025-04-21 16:27:09.330,Caton Ave & Bedford Ave,3368.04,Rogers Ave & Lenox Rd,3400.04,40.65237,-73.95623,40.65378,-73.95273,member
0FFA76A761D61307,electric_bike,2025-04-25 19:52:13.454,2025-04-25 20:04:41.693,Broadway & W 41 St,6560.01,St Marks Pl & 2 Ave,5669.10,40.75513557,-73.98658032,40.7284186,-73.98713956,member
CBEE80B11BAF77B2,electric_bike,2025-04-29 19:44:56.873,2025-04-29 19:57:55.023,President St & 4 Ave,4101.17,Adams St & Prospect St,4821.10,40.676757,-73.983262,40.700763083261506,-73.98869812488556,member
21BEBB89F2A6551C,electric_bike,2025-04-30 09:38:47.110,2025-04-30 09:49:39.384,Court St & State St,4488.08,Prospect Pl & Underhill Ave,4116.08,40.6902375,-73.99203074,40.6769694,-73.96579,member
A37BCFD1F2F2658C,electric_bike,2025-04-23 06:57:56.122,2025-04-23 07:31:19.016,Caton Ave & Bedford Ave,3368.04,55 Dr & Maurice Ave,5579.04,40.65237,-73.95623,40.7261,-73.90917,member
BA1B2EFF35C25F2B,electric_bike,2025-04-25 06:55:47.385,2025-04-25 07:30:28.055,Caton Ave & Bedford Ave,3368.04,55 Dr & Maurice Ave,5579.04,40.65237,-73.95623,40.7261,-73.90917,member
A7857147B6EDC4AC,classic_bike,2025-04-29 16:16:57.820,2025-04-29 16:19:29.275,W 135 St & Lenox Terrace Pl,7832.04,5 Ave & W 131 St,7735.05,40.813619,-73.939336,40.81014,-73.93973,member
1719A21B382BF409,electric_bike,2025-04-28 17:20:57.253,2025-04-28 17:24:12.744,Underhill Ave & Pacific St,4231.04,Prospect Pl & Underhill Ave,4116.08,40.6804836,-73.9646795,40.6769694,-73.96579,member
280E294E64F14769,electric_bike,2025-04-27 19:33:55.530,2025-04-27 19:53:24.684,Court St & State St,4488.08,Central Ave & Himrod St,4713.01,40.6902375,-73.99203074,40.69676,-73.92302,member
6ACF89AE9E0B3124,classic_bike,2025-04-16 13:09:05.198,2025-04-16 13:12:09.066,W 106 St & Central Park W,7606.01,Columbus Ave & W 103 St,7595.17,40.7981856,-73.9605909006,40.7969347,-73.9643412291,member
637AD2522BD12B43,electric_bike,2025-04-24 13:20:37.896,2025-04-24 13:34:58.396,46 St & Queens Blvd,6209.08,43 Ave & 42 St,6251.06,40.74349759836971,-73.91860529780388,40.74534682580983,-73.9219419658184,member
AF3B7D3DF1F29C51,electric_bike,2025-04-14 21:39:20.373,2025-04-14 21:44:29.519,Broadway & W 61 St,7014.12,W 76 St & Columbus Ave,7281.09,40.77003010255044,-73.9819684624672,40.7801839724239,-73.97728532552719,member
8B6189B8752AC70E,electric_bike,2025-04-21 16:35:27.903,2025-04-21 16:54:27.319,W 59 St & 10 Ave,7023.04,E 91 St & 2 Ave,7286.01,40.770513,-73.988038,40.78115276427915,-73.94963040947914,member
1BF95BBFF9AD23D5,electric_bike,2025-04-24 22:06:20.228,2025-04-24 22:11:09.208,Broadway & W 61 St,7014.12,W 76 St & Columbus Ave,7281.09,40.77003010255044,-73.9819684624672,40.7801839724239,-73.97728532552719,member
F2D1E6E456D40B6E,electric_bike,2025-04-19 18:10:28.514,2025-04-19 18:35:56.022,E 72 St & Park Ave,6998.08,St Marks Pl & 2 Ave,5669.10,40.77118287540658,-73.96409422159195,40.7284186,-73.98713956,member
6AD9ADAA151601AE,electric_bike,2025-04-19 08:08:28.717,2025-04-19 08:22:46.845,Broadway & W 61 St,7014.12,W 29 St & 9 Ave,6416.06,40.77003010255044,-73.9819684624672,40.7500727,-73.99839279,member
F2E847BF11B56CBA,electric_bike,2025-04-27 19:44:56.596,2025-04-27 19:49:08.579,Broadway & W 61 St,7014.12,W 76 St & Columbus Ave,7281.09,40.77003010255044,-73.9819684624672,40.7801839724239,-73.97728532552719,member
76571845974B2674,electric_bike,2025-04-15 08:42:04.436,2025-04-15 08:55:35.347,Underhill Ave & Pacific St,4231.04,Adams St & Prospect St,4821.10,40.6804836,-73.9646795,40.700763083261506,-73.98869812488556,member
CD2D84D48F4387D3,classic_bike,2025-04-22 09:28:17.243,2025-04-22 09:33:56.066,Delancey St & Eldridge St,5414.07,W Broadway & Watts St,5569.07,40.719383,-73.991479,40.72323,-74.00314,member
244598B4AF9AB1BA,electric_bike,2025-04-18 22:05:52.174,2025-04-18 22:10:59.133,Clermont Ave & Lafayette Ave,4461.01,Prospect Pl & Underhill Ave,4116.08,40.68764484,-73.96968902,40.6769694,-73.96579,member
835B04D17A821059,electric_bike,2025-04-17 22:17:39.271,2025-04-17 22:31:36.276,Delancey St & Eldridge St,5414.07,Maiden Ln & Pearl St,5065.10,40.719383,-73.991479,40.70706456,-74.00731853,member
B7028FFDB2AC7469,electric_bike,2025-04-23 19:12:34.888,2025-04-23 19:17:10.836,Broadway & W 61 St,7014.12,W 76 St & Columbus Ave,7281.09,40.77003010255044,-73.9819684624672,40.7801839724239,-73.97728532552719,member
0ABDD19CC2E5253A,electric_bike,2025-04-23 07:45:58.244,2025-04-23 07:51:23.245,Broadway & W 61 St,7014.12,W 52 St & 5 Ave,6700.01,40.77003010255044,-73.9819684624672,40.75992262,-73.97648516,member
30136C32991101CC,classic_bike,2025-04-28 08:13:52.768,2025-04-28 08:32:43.996,Delancey St & Eldridge St,5414.07,W 29 St & 9 Ave,6416.06,40.719383,-73.991479,40.7500727,-73.99839279,member
27290940446946AF,electric_bike,2025-04-25 12:00:07.926,2025-04-25 12:35:15.291,Caton Ave & Bedford Ave,3368.04,Meserole Ave & Manhattan Ave,5666.04,40.65237,-73.95623,40.72708584,-73.95299117,member
1265105232671F4D,classic_bike,2025-04-25 14:29:40.062,2025-04-25 14:36:14.190,Delancey St & Eldridge St,5414.07,St Marks Pl & 2 Ave,5669.10,40.719383,-73.991479,40.7284186,-73.98713956,member
239323A901AC1DD7,electric_bike,2025-04-21 12:46:49.529,2025-04-21 12:52:57.149,Broadway & W 61 St,7014.12,W 76 St & Columbus Ave,7281.09,40.77003010255044,-73.9819684624672,40.7801839724239,-73.97728532552719,member
0A750B9B75EF5DEB,electric_bike,2025-04-22 15:45:49.124,2025-04-22 15:55:12.370,Barrow St & Hudson St,5805.05,E 1 St & Bowery,5636.13,40.73172428,-74.00674436,40.72486122254819,-73.99213135242462,casual
2FDAB544E27D641E,electric_bike,2025-04-26 18:46:50.205,2025-04-26 19:04:41.177,Underhill Ave & Pacific St,4231.04,Adams St & Prospect St,4821.10,40.6804836,-73.9646795,40.700763083261506,-73.98869812488556,casual
0ED765BACB12EECA,electric_bike,2025-04-17 18:44:21.709,2025-04-17 18:54:12.555,Caton Ave & Bedford Ave,3368.04,Prospect Pl & Underhill Ave,4116.08,40.65237,-73.95623,40.6769694,-73.96579,casual
82E4353CE66F25B0,electric_bike,2025-04-29 15:21:59.049,2025-04-29 15:28:47.852,W 54 St & 11 Ave,6955.05,W 52 St & 5 Ave,6700.01,40.768333,-73.992573,40.75992262,-73.97648516,casual
D9F3C4DC46657E48,electric_bike,2025-04-24 18:14:28.373,2025-04-24 18:28:20.833,Macon St & Nostrand Ave,4214.03,Central Ave & Himrod St,4713.01,40.6809833854,-73.9500479759,40.69676,-73.92302,casual
411372FD3B519FB4,electric_bike,2025-04-28 17:24:47.542,2025-04-28 17:41:42.317,Broadway & W 61 St,7014.12,W 29 St & 9 Ave,6416.06,40.77003010255044,-73.9819684624672,40.7500727,-73.99839279,casual
AFC37B810E03A7FE,electric_bike,2025-04-28 17:22:29.635,2025-04-28 17:41:12.957,Broadway & W 61 St,7014.12,W 29 St & 9 Ave,6416.06,40.77003010255044,-73.9819684624672,40.7500727,-73.99839279,casual
96D6BAE21D205F9D,electric_bike,2025-04-17 03:17:13.523,2025-04-17 03:36:04.336,W 135 St & Lenox Terrace Pl,7832.04,Columbus Ave & W 103 St,7595.17,40.813619,-73.939336,40.7969347,-73.9643412291,casual
151D037E9A59D397,electric_bike,2025-04-29 09:35:09.801,2025-04-29 09:43:28.310,Barrow St & Hudson St,5805.05,W Broadway & Watts St,5569.07,40.73172428,-74.00674436,40.72323,-74.00314,member
3F7825090CC1585C,classic_bike,2025-04-23 09:11:38.246,2025-04-23 09:27:03.315,W 54 St & 11 Ave,6955.05,W 29 St & 9 Ave,6416.06,40.768333,-73.992573,40.7500727,-73.99839279,member
54030188B8D12389,electric_bike,2025-04-23 12:41:03.586,2025-04-23 12:48:30.086,W 106 St & Central Park W,7606.01,E 103 St & Lexington Ave,7463.09,40.7981856,-73.9605909006,40.7903051,-73.94755757,member
266A6E89205FEB1F,electric_bike,2025-04-22 15:35:57.396,2025-04-22 15:46:16.267,Underhill Ave & Pacific St,4231.04,Rogers Ave & Sterling St,3696.05,40.6804836,-73.9646795,40.6630619,-73.9538746,member
3B688DE1E7709A60,classic_bike,2025-04-25 07:46:10.101,2025-04-25 08:02:50.620,W 59 St & 10 Ave,7023.04,Columbus Ave & W 103 St,7595.17,40.770513,-73.988038,40.7969347,-73.9643412291,member
B31C5468318BF189,electric_bike,2025-04-25 00:54:50.586,2025-04-25 01:08:51.628,W 59 St & 10 Ave,7023.04,E 91 St & 2 Ave,7286.01,40.770513,-73.988038,40.78115276427915,-73.94963040947914,member
EDE3C5A7F80827D1,electric_bike,2025-04-30 07:52:18.870,2025-04-30 07:56:16.142,Broadway & W 41 St,6560.01,W 52 St & 5 Ave,6700.01,40.75513557,-73.98658032,40.75992262,-73.97648516,member
7E580D4B4078E592,electric_bike,2025-04-22 07:46:35.905,2025-04-22 07:50:43.267,Broadway & W 41 St,6560.01,W 52 St & 5 Ave,6700.01,40.75513557,-73.98658032,40.75992262,-73.97648516,member
1D1000387C79A5E2,classic_bike,2025-04-28 08:03:17.590,2025-04-28 08:17:31.918,W 106 St & Central Park W,7606.01,E 91 St & 2 Ave,7286.01,40.7981856,-73.9605909006,40.78115276427915,-73.94963040947914,member
DE37BA44BFABBF12,classic_bike,2025-04-16 17:17:00.023,2025-04-16 17:28:56.703,W 106 St & Central Park W,7606.01,W 76 St & Columbus Ave,7281.09,40.7981856,-73.9605909006,40.7801839724239,-73.97728532552719,member
1B64471EBE52F417,classic_bike,2025-04-28 19:56:04.654,2025-04-28 20:11:02.525,W 106 St & Central Park W,7606.01,E 91 St & 2 Ave,7286.01,40.7981856,-73.9605909006,40.78115276427915,-73.94963040947914,member
9AD62CEE5E085D5D,electric_bike,2025-04-21 14:43:07.153,2025-04-21 14:59:34.514,E 68 St & Madison Ave,6932.15,W 29 St & 9 Ave,6416.06,40.7691572,-73.96703464,40.7500727,-73.99839279,member
0E708AC8F7F0BF7C,electric_bike,2025-04-19 22:45:06.139,2025-04-19 22:59:42.542,E 68 St & Madison Ave,6932.15,W 29 St & 9 Ave,6416.06,40.7691572,-73.96703464,40.7500727,-73.99839279,member
8B227D9A9E6A4D91,electric_bike,2025-04-20 14:47:20.362,2025-04-20 15:03:58.718,E 68 St & Madison Ave,6932.15,W 29 St & 9 Ave,6416.06,40.7691572,-73.96703464,40.7500727,-73.99839279,member
0258D795BCF1516E,classic_bike,2025-04-22 22:49:33.930,2025-04-22 22:51:25.675,Underhill Ave & Pacific St,4231.04,Prospect Pl & Underhill Ave,4116.08,40.6804836,-73.9646795,40.6769694,-73.96579,member
CF50DB320A52946E,electric_bike,2025-04-15 13:55:21.189,2025-04-15 14:16:09.885,E 68 St & Madison Ave,6932.15,W 29 St & 9 Ave,6416.06,40.7691572,-73.96703464,40.7500727,-73.99839279,member
C2445A0932544ECD,classic_bike,2025-04-27 12:30:00.229,2025-04-27 12:42:36.085,Broadway & W 61 St,7014.12,W 76 St & Columbus Ave,7281.09,40.77003010255044,-73.9819684624672,40.7801839724239,-73.97728532552719,member
B882DAFC44B1E7F1,classic_bike,2025-04-22 12:19:47.433,2025-04-22 12:33:17.152,Cherry St,5181.04,Maiden Ln & Pearl St,5065.10,40.71219906,-73.97948148,40.70706456,-74.00731853,member
6363976BC595C571,classic_bike,2025-04-20 13:01:44.364,2025-04-20 13:10:12.425,W 54 St & 11 Ave,6955.05,W 52 St & 5 Ave,6700.01,40.768333,-73.992573,40.75992262,-73.97648516,member
EDCDE510C9649BFD,classic_bike,2025-04-18 00:18:19.096,2025-04-18 00:20:39.607,Underhill Ave & Pacific St,4231.04,Prospect Pl & Underhill Ave,4116.08,40.6804836,-73.9646795,40.6769694,-73.96579,member
2A5C251D934EB9C8,electric_bike,2025-04-25 18:35:17.811,2025-04-25 18:41:50.194,Barrow St & Hudson St,5805.05,E 1 St & Bowery,5636.13,40.73172428,-74.00674436,40.72486122254819,-73.99213135242462,member
7C234FCD1EFAA3D8,electric_bike,2025-04-17 10:06:46.948,2025-04-17 10:14:19.094,Broadway & W 61 St,7014.12,W 52 St & 5 Ave,6700.01,40.77003010255044,-73.9819684624672,40.75992262,-73.97648516,member
E6282E86C2679001,electric_bike,2025-04-22 15:00:53.276,2025-04-22 15:07:56.234,W 54 St & 11 Ave,6955.05,W 76 St & Columbus Ave,7281.09,40.768333,-73.992573,40.7801839724239,-73.97728532552719,member
DFE6848421454520,classic_bike,2025-04-26 15:35:25.777,2025-04-26 15:46:54.539,W 106 St & Central Park W,7606.01,5 Ave & W 131 St,7735.05,40.7981856,-73.9605909006,40.81014,-73.93973,member
C241B3F14B185DB2,electric_bike,2025-04-17 20:52:40.493,2025-04-17 20:59:14.468,46 St & Queens Blvd,6209.08,55 Dr & Maurice Ave,5579.04,40.74349759836971,-73.91860529780388,40.7261,-73.90917,member
9C94F983474471A4,electric_bike,2025-04-16 15:25:05.752,2025-04-16 15:30:09.134,Broadway & W 41 St,6560.01,W 52 St & 5 Ave,6700.01,40.75513557,-73.98658032,40.75992262,-73.97648516,casual
E34FAC83D25AAFDE,classic_bike,2025-04-18 11:40:55.363,2025-04-18 12:03:49.263,W 59 St & 10 Ave,7023.04,W 76 St & Columbus Ave,7281.09,40.770513,-73.988038,40.7801839724239,-73.97728532552719,casual
5A6FCB6A7CD70592,classic_bike,2025-04-25 10:37:56.828,2025-04-25 10:47:55.080,W 106 St & Central Park W,7606.01,E 103 St & Lexington Ave,7463.09,40.7981856,-73.9605909006,40.7903051,-73.94755757,casual
082F8BE4D8F5FE97,electric_bike,2025-04-15 09:53:33.360,2025-04-15 09:59:01.162,Court St & State St,4488.08,Adams St & Prospect St,4821.10,40.6902375,-73.99203074,40.700763083261506,-73.98869812488556,member
81CBBC1734F921F7,electric_bike,2025-04-19 17:29:44.648,2025-04-19 17:43:47.539,E 72 St & Park Ave,6998.08,W 76 St & Columbus Ave,7281.09,40.77118287540658,-73.96409422159195,40.7801839724239,-73.97728532552719,member
0482D2DC384BD76C,electric_bike,2025-04-25 15:36:49.643,2025-04-25 15:55:33.859,W 59 St & 10 Ave,7023.04,E 91 St & 2 Ave,7286.01,40.770513,-73.988038,40.78115276427915,-73.94963040947914,member
B8A4E1910C1A8734,classic_bike,2025-04-25 10:36:09.368,2025-04-25 10:44:27.993,Sterling Pl & Franklin Ave,4033.16,Rogers Ave & Sterling St,3696.05,40.67324785,-73.95689517,40.6630619,-73.9538746,member
F24950A2FD28A725,electric_bike,2025-04-28 18:49:00.731,2025-04-28 19:06:48.039,Court St & State St,4488.08,W Broadway & Watts St,5569.07,40.6902375,-73.99203074,40.72323,-74.00314,member
ADD69C9FAA54188B,electric_bike,2025-04-20 16:01:01.859,2025-04-20 16:24:13.509,E 72 St & Park Ave,6998.08,St Marks Pl & 2 Ave,5669.10,40.77118287540658,-73.96409422159195,40.7284186,-73.98713956,casual
94ABA0B76D5550D4,electric_bike,2025-04-19 22:24:20.708,2025-04-19 22:29:42.766,Delancey St & Eldridge St,5414.07,E 1 St & Bowery,5636.13,40.719383,-73.991479,40.72486122254819,-73.99213135242462,casual
CD2B652E5C527BBD,electric_bike,2025-04-22 16:16:38.882,2025-04-22 16:30:26.328,Broadway & W 41 St,6560.01,St Marks Pl & 2 Ave,5669.10,40.75513557,-73.98658032,40.7284186,-73.98713956,casual
ACF0C5244F91DA4C,electric_bike,2025-04-20 17:41:04.113,2025-04-20 17:47:35.317,E 72 St & Park Ave,6998.08,W 76 St & Columbus Ave,7281.09,40.77118287540658,-73.96409422159195,40.7801839724239,-73.97728532552719,member
E80FEAB89EDB8BD2,electric_bike,2025-04-30 19:38:29.294,2025-04-30 19:45:20.217,E 68 St & Madison Ave,6932.15,W 76 St & Columbus Ave,7281.09,40.7691572,-73.96703464,40.7801839724239,-73.97728532552719,member
03AECFEBDB173C52,electric_bike,2025-04-26 11:26:53.040,2025-04-26 11:33:48.085,E 68 St & Madison Ave,6932.15,W 52 St & 5 Ave,6700.01,40.7691572,-73.96703464,40.75992262,-73.97648516,member
002619EA92F40A6B,classic_bike,2025-04-14 20:28:04.608,2025-04-14 20:36:30.574,Broadway & W 61 St,7014.12,W 76 St & Columbus Ave,7281.09,40.77003010255044,-73.9819684624672,40.7801839724239,-73.97728532552719,member
6CDF9DBEDF882D19,classic_bike,2025-04-26 00:25:53.020,2025-04-26 00:34:19.531,Delancey St & Eldridge St,5414.07,St Marks Pl & 2 Ave,5669.10,40.719383,-73.991479,40.7284186,-73.98713956,member
951383D225A4D41E,classic_bike,2025-04-21 20:27:07.491,2025-04-21 20:36:27.374,Broadway & W 61 St,7014.12,W 76 St & Columbus Ave,7281.09,40.77003010255044,-73.9819684624672,40.7801839724239,-73.97728532552719,member
E9AF9644779B9C47,classic_bike,2025-04-16 23:30:11.552,2025-04-16 23:32:27.952,Underhill Ave & Pacific St,4231.04,Prospect Pl & Underhill Ave,4116.08,40.6804836,-73.9646795,40.6769694,-73.96579,member
921A8596DBC83972,electric_bike,2025-04-17 22:14:47.301,2025-04-17 22:31:40.538,Sterling Pl & Franklin Ave,4033.16,Ocean Ave & Crooke Ave,3408.05,40.67324785,-73.95689517,40.65326,-73.96172,member
EB605C5D1CC32B25,electric_bike,2025-04-21 07:04:20.399,2025-04-21 07:10:07.466,W 59 St & 10 Ave,7023.04,W 52 St & 5 Ave,6700.01,40.770513,-73.988038,40.75992262,-73.97648516,member
3B35C5CCC6C83460,electric_bike,2025-04-14 20:41:20.391,2025-04-14 20:44:28.556,Sterling Pl & Franklin Ave,4033.16,Prospect Pl & Underhill Ave,4116.08,40.67324785,-73.95689517,40.6769694,-73.96579,member
0BAE8335B3DE8D18,electric_bike,2025-04-28 11:23:12.984,2025-04-28 11:33:24.939,W 54 St & 11 Ave,6955.05,W 29 St & 9 Ave,6416.06,40.768333,-73.992573,40.7500727,-73.99839279,member
DF3EA5B033E9CF9B,electric_bike,2025-04-25 18:20:14.939,2025-04-25 18:40:31.228,Court St & State St,4488.08,W Broadway & Watts St,5569.07,40.6902375,-73.99203074,40.72323,-74.00314,member
01691650FA073FF3,classic_bike,2025-04-27 14:53:45.705,2025-04-27 15:06:47.718,W 54 St & 11 Ave,6955.05,W 76 St & Columbus Ave,7281.09,40.768333,-73.992573,40.7801839724239,-73.97728532552719,member
BE6D27426B618CA1,electric_bike,2025-04-15 19:29:01.089,2025-04-15 19:40:47.353,W 59 St & 10 Ave,7023.04,W 76 St & Columbus Ave,7281.09,40.770513,-73.988038,40.7801839724239,-73.97728532552719,member
ABC71B653D0D5C9B,electric_bike,2025-04-30 20:27:47.102,2025-04-30 21:05:54.699,E 72 St & Park Ave,6998.08,Prospect Pl & Underhill Ave,4116.08,40.77118287540658,-73.96409422159195,40.6769694,-73.96579,member
C3062CFDAE9EEE47,electric_bike,2025-04-26 00:03:58.391,2025-04-26 00:06:50.629,Underhill Ave & Pacific St,4231.04,Prospect Pl & Underhill Ave,4116.08,40.6804836,-73.9646795,40.6769694,-73.96579,member
E5141AD08EEE150D,classic_bike,2025-04-26 17:21:54.577,2025-04-26 17:26:04.865,Clermont Ave & Lafayette Ave,4461.01,Willoughby St & Ashland Pl,4587.02,40.68764484,-73.96968902,40.69178,-73.97877,member
C969D8BBD1B3CC56,classic_bike,2025-04-29 09:30:19.007,2025-04-29 09:33:23.487,Caton Ave & Bedford Ave,3368.04,Ocean Ave & Crooke Ave,3408.05,40.65237,-73.95623,40.65326,-73.96172,member
8D0E54DF38E4A862,electric_bike,2025-04-24 19:51:39.216,2025-04-24 20:02:55.921,E 72 St & Park Ave,6998.08,E 91 St & 2 Ave,7286.01,40.77118287540658,-73.96409422159195,40.78115276427915,-73.94963040947914,member
272CC5B06C188ED0,electric_bike,2025-04-30 17:26:39.015,2025-04-30 17:30:32.129,Sterling Pl & Franklin Ave,4033.16,Prospect Pl & Underhill Ave,4116.08,40.67324785,-73.95689517,40.6769694,-73.96579,member
02CC2951DDB53CBD,electric_bike,2025-04-26 18:01:09.160,2025-04-26 18:10:18.321,Cherry St,5181.04,Pearl St & Hanover Square,4993.02,40.71219906,-73.97948148,40.7047177,-74.00926027,member
93B5DD23E39D9829,classic_bike,2025-04-20 09:47:59.370,2025-04-20 10:31:54.265,Underhill Ave & Pacific St,4231.04,Prospect Pl & Underhill Ave,4116.08,40.6804836,-73.9646795,40.6769694,-73.96579,member
7E99CA4D0A982EFA,classic_bike,2025-04-17 21:15:09.594,2025-04-17 21:39:54.338,W 106 St & Central Park W,7606.01,E 91 St & 2 Ave,7286.01,40.7981856,-73.9605909006,40.78115276427915,-73.94963040947914,member
314255DBC4CE0D9F,electric_bike,2025-04-28 06:52:29.776,2025-04-28 06:56:11.360,Corona Ave & 92 St,6155.03,84 St & Roosevelt Ave,6323.04,40.7424,-73.87251,40.74797,-73.88204,member
293ED0D1A553E847,classic_bike,2025-04-16 10:01:12.844,2025-04-16 10:12:52.214,Barrow St & Hudson St,5805.05,W 29 St & 9 Ave,6416.06,40.73172428,-74.00674436,40.7500727,-73.99839279,member
5109911B5833683C,classic_bike,2025-04-28 19:48:27.514,2025-04-28 20:01:10.165,E 72 St & Park Ave,6998.08,E 103 St & Lexington Ave,7463.09,40.77118287540658,-73.96409422159195,40.7903051,-73.94755757,member
B723E307ECD2E085,classic_bike,2025-04-16 20:12:07.051,2025-04-16 20:24:38.603,E 72 St & Park Ave,6998.08,E 103 St & Lexington Ave,7463.09,40.77118287540658,-73.96409422159195,40.7903051,-73.94755757,member
728FBDFDB3FAFB3B,electric_bike,2025-04-19 20:27:47.608,2025-04-19 20:46:46.006,W 59 St & 10 Ave,7023.04,E 103 St & Lexington Ave,7463.09,40.770513,-73.988038,40.7903051,-73.94755757,casual
BA97A401781FD5B6,electric_bike,2025-04-30 01:05:41.181,2025-04-30 01:17:22.199,Prospect Pl & Nostrand Ave,4025.02,Rogers Ave & Lenox Rd,3400.04,40.67428,-73.9503,40.65378,-73.95273,casual
271BAB8461A39681,electric_bike,2025-04-25 16:49:43.457,2025-04-25 16:55:59.423,W 59 St & 10 Ave,7023.04,W 76 St & Columbus Ave,7281.09,40.770513,-73.988038,40.7801839724239,-73.97728532552719,casual
9D018F2984CE4E92,classic_bike,2025-04-18 16:47:41.517,2025-04-18 17:14:17.097,Delancey St & Eldridge St,5414.07,Meserole Ave & Manhattan Ave,5666.04,40.719383,-73.991479,40.72708584,-73.95299117,casual
00DF9DC0C6CC0FFC,electric_bike,2025-04-25 21:09:38.180,2025-04-25 21:19:33.557,W 111 St & 5 Ave,7587.16,E 91 St & 2 Ave,7286.01,40.79752078124755,-73.9489397406578,40.78115276427915,-73.94963040947914,casual
482DB0FDBA9FBCB3,electric_bike,2025-04-19 15:15:10.275,2025-04-19 15:39:52.915,E 68 St & Madison Ave,6932.15,E 1 St & Bowery,5636.13,40.7691572,-73.96703464,40.72486122254819,-73.99213135242462,casual
582BE69DB5887D57,electric_bike,2025-04-24 22:14:36.056,2025-04-24 22:25:04.702,Prospect Pl & Nostrand Ave,4025.02,Rogers Ave & Lenox Rd,3400.04,40.67428,-73.9503,40.65378,-73.95273,casual
2F438908644A6F49,electric_bike,2025-04-22 21:48:02.933,2025-04-22 21:51:28.472,Delancey St & Eldridge St,5414.07,W Broadway & Watts St,5569.07,40.719383,-73.991479,40.72323,-74.00314,member
544D8356833E4DA7,electric_bike,2025-04-18 18:58:52.400,2025-04-18 19:06:51.039,Macon St & Nostrand Ave,4214.03,Prospect Pl & Underhill Ave,4116.08,40.6809833854,-73.9500479759,40.6769694,-73.96579,casual
CCDD97B30FF4119B,electric_bike,2025-04-28 14:48:48.015,2025-04-28 14:54:50.352,W 59 St & 10 Ave,7023.04,W 76 St & Columbus Ave,7281.09,40.770513,-73.988038,40.7801839724239,-73.97728532552719,casual
A565810519306A76,electric_bike,2025-04-25 01:51:01.380,2025-04-25 01:55:36.575,Prospect Pl & Nostrand Ave,4025.02,Prospect Pl & Underhill Ave,4116.08,40.67428,-73.9503,40.6769694,-73.96579,casual
515D4E9F62605C37,electric_bike,2025-04-25 17:25:02.226,2025-04-25 17:32:46.631,W 111 St & 5 Ave,7587.16,Columbus Ave & W 103 St,7595.17,40.79752078124755,-73.9489397406578,40.7969347,-73.9643412291,casual
CD56486E35C1ADA0,electric_bike,2025-04-29 17:44:27.882,2025-04-29 17:52:16.208,Irving Ave & Palmetto St,4775.01,Fresh Pond Rd & 69 Ave,4945.06,40.698,-73.9127,40.70311,-73.89547,casual
408D447CAEFB5F90,classic_bike,2025-04-28 17:21:43.227,2025-04-28 17:41:18.387,Broadway & W 61 St,7014.12,W 29 St & 9 Ave,6416.06,40.77003010255044,-73.9819684624672,40.7500727,-73.99839279,casual
A86A99BE44F07810,electric_bike,2025-04-15 23:34:15.767,2025-04-15 23:39:12.052,W 59 St & 10 Ave,7023.04,W 76 St & Columbus Ave,7281.09,40.770513,-73.988038,40.7801839724239,-73.97728532552719,casual
D26688719590DEC9,classic_bike,2025-04-22 22:28:14.291,2025-04-22 22:33:04.303,Clermont Ave & Lafayette Ave,4461.01,Willoughby St & Ashland Pl,4587.02,40.68764484,-73.96968902,40.69178,-73.97877,casual
3DAFE0EB7E49C803,electric_bike,2025-04-27 00:37:57.420,2025-04-27 01:00:08.588,Delancey St & Eldridge St,5414.07,Ocean Ave & Crooke Ave,3408.05,40.719383,-73.991479,40.65326,-73.96172,member
965E10FE5FA62185,classic_bike,2025-04-22 09:51:19.415,2025-04-22 09:54:35.319,Delancey St & Eldridge St,5414.07,W Broadway & Watts St,5569.07,40.719383,-73.991479,40.72323,-74.00314,member
A580DCCD581E8672,electric_bike,2025-04-19 16:30:26.182,2025-04-19 16:43:32.621,Court St & State St,4488.08,Prospect Pl & Underhill Ave,4116.08,40.6902375,-73.99203074,40.6769694,-73.96579,member
B043CACA320DC8B2,electric_bike,2025-04-21 22:40:48.238,2025-04-21 22:44:00.815,Sterling Pl & Franklin Ave,4033.16,Prospect Pl & Underhill Ave,4116.08,40.67324785,-73.95689517,40.6769694,-73.96579,member
533353BDF0AD0D43,electric_bike,2025-04-29 11:28:57.040,2025-04-29 11:37:00.433,Barrow St & Hudson St,5805.05,W 29 St & 9 Ave,6416.06,40.73172428,-74.00674436,40.7500727,-73.99839279,member
B5BA27BC2DB20441,electric_bike,2025-04-17 09:51:48.126,2025-04-17 09:56:08.858,W 135 St & Lenox Terrace Pl,7832.04,E 138 St & Grand Concourse,7803.08,40.813619,-73.939336,40.813224,-73.930605,member
4CE51D03BBC0E525,classic_bike,2025-04-19 14:46:33.649,2025-04-19 14:50:09.091,Delancey St & Eldridge St,5414.07,E 1 St & Bowery,5636.13,40.719383,-73.991479,40.72486122254819,-73.99213135242462,member
05CA21456EFBC1F1,electric_bike,2025-04-27 18:12:24.474,2025-04-27 18:39:34.273,Broadway & W 61 St,7014.12,St Marks Pl & 2 Ave,5669.10,40.77003010255044,-73.9819684624672,40.7284186,-73.98713956,member
7B23E8C8270A00A0,classic_bike,2025-04-25 22:56:17.340,2025-04-25 23:07:13.224,Barrow St & Hudson St,5805.05,W 29 St & 9 Ave,6416.06,40.73172428,-74.00674436,40.7500727,-73.99839279,member
E26D0F2AF3E30FC8,classic_bike,2025-04-29 17:46:54.023,2025-04-29 18:12:14.237,Broadway & W 41 St,6560.01,Maiden Ln & Pearl St,5065.10,40.75513557,-73.98658032,40.70706456,-74.00731853,member
C6A33C93B88191C5,electric_bike,2025-04-14 20:59:11.204,2025-04-14 21:07:04.778,Broadway & W 61 St,7014.12,W 76 St & Columbus Ave,7281.09,40.77003010255044,-73.9819684624672,40.7801839724239,-73.97728532552719,member
0DD71772BAE77744,electric_bike,2025-04-19 19:19:38.721,2025-04-19 19:32:31.049,W 59 St & 10 Ave,7023.04,W 52 St & 5 Ave,6700.01,40.770513,-73.988038,40.75992262,-73.97648516,member
1A45ABFA8359C7D0,electric_bike,2025-04-16 01:49:54.521,2025-04-16 01:59:16.623,W 135 St & Lenox Terrace Pl,7832.04,Shakespeare Ave & W 169 St,8198.05,40.813619,-73.939336,40.839312,-73.922423,member
99319D47C71E2049,classic_bike,2025-04-23 12:18:01.694,2025-04-23 12:27:26.468,E 68 St & Madison Ave,6932.15,W 76 St & Columbus Ave,7281.09,40.7691572,-73.96703464,40.7801839724239,-73.97728532552719,member
D76A14D9009937BC,electric_bike,2025-04-25 22:08:13.428,2025-04-25 22:37:16.620,Clermont Ave & Lafayette Ave,4461.01,St Marks Pl & 2 Ave,5669.10,40.68764484,-73.96968902,40.7284186,-73.98713956,member
210519D8E2ABA7FF,electric_bike,2025-04-30 16:08:42.455,2025-04-30 16:14:55.532,Corona Ave & 92 St,6155.03,84 St & Roosevelt Ave,6323.04,40.7424,-73.87251,40.74797,-73.88204,member
01B70D37311254DC,classic_bike,2025-04-25 00:23:20.614,2025-04-25 00:56:19.128,Underhill Ave & Pacific St,4231.04,Central Ave & Himrod St,4713.01,40.6804836,-73.9646795,40.69676,-73.92302,member
096187AF191A615A,electric_bike,2025-04-16 13:59:12.311,2025-04-16 14:05:41.427,Sterling Pl & Franklin Ave,4033.16,Rogers Ave & Sterling St,3696.05,40.67324785,-73.95689517,40.6630619,-73.9538746,member
D0FE8F0E6E2AC7F4,classic_bike,2025-04-23 17:42:36.589,2025-04-23 17:47:22.895,Underhill Ave & Pacific St,4231.04,Prospect Pl & Underhill Ave,4116.08,40.6804836,-73.9646795,40.6769694,-73.96579,member
79E61C2138FDC1A6,electric_bike,2025-04-27 15:10:56.798,2025-04-27 15:31:19.221,Court St & State St,4488.08,Central Ave & Himrod St,4713.01,40.6902375,-73.99203074,40.69676,-73.92302,member
BFE029629E94D70E,electric_bike,2025-04-15 10:02:37.586,2025-04-15 10:08:30.109,E 68 St & Madison Ave,6932.15,W 76 St & Columbus Ave,7281.09,40.7691572,-73.96703464,40.7801839724239,-73.97728532552719,member
2C069677D058B724,electric_bike,2025-04-24 23:56:07.874,2025-04-24 23:57:36.415,W 106 St & Central Park W,7606.01,Columbus Ave & W 103 St,7595.17,40.7981856,-73.9605909006,40.7969347,-73.9643412291,member
16A4EC3BC93C8F51,classic_bike,2025-04-22 17:17:03.350,2025-04-22 17:25:02.677,W 111 St & 5 Ave,7587.16,E 103 St & Lexington Ave,7463.09,40.79752078124755,-73.9489397406578,40.7903051,-73.94755757,member
BEA09E75D651B342,classic_bike,2025-04-19 16:21:04.930,2025-04-19 16:24:19.197,Caton Ave & Bedford Ave,3368.04,Ocean Ave & Crooke Ave,3408.05,40.65237,-73.95623,40.65326,-73.96172,member
1E43FFC291772FFE,electric_bike,2025-04-17 08:05:53.944,2025-04-17 08:12:19.494,W 54 St & 11 Ave,6955.05,W 52 St & 5 Ave,6700.01,40.768333,-73.992573,40.75992262,-73.97648516,member
4B7E5264E24E4B89,classic_bike,2025-04-26 16:03:39.029,2025-04-26 16:35:07.664,Isham St & Broadway,8665.09,Dyckman St & Staff St,8655.02,40.86788,-73.919685,40.868846,-73.931537,casual
E5207D68D0136A3E,electric_bike,2025-04-30 20:14:05.303,2025-04-30 20:18:38.568,W 59 St & 10 Ave,7023.04,W 76 St & Columbus Ave,7281.09,40.770513,-73.988038,40.7801839724239,-73.97728532552719,member
128F17021B0A6360,classic_bike,2025-04-29 09:05:44.659,2025-04-29 09:20:23.683,W 106 St & Central Park W,7606.01,W 76 St & Columbus Ave,7281.09,40.7981856,-73.9605909006,40.7801839724239,-73.97728532552719,member
6729B5FECC9614A0,classic_bike,2025-04-30 17:34:57.062,2025-04-30 17:47:41.727,E 72 St & Park Ave,6998.08,E 91 St & 2 Ave,7286.01,40.77118287540658,-73.96409422159195,40.78115276427915,-73.94963040947914,member
D0A719520FB20415,electric_bike,2025-04-24 08:11:25.153,2025-04-24 08:16:54.001,W 59 St & 10 Ave,7023.04,W 52 St & 5 Ave,6700.01,40.770513,-73.988038,40.75992262,-73.97648516,member
E54D0D975EA46B2D,electric_bike,2025-04-30 17:46:06.118,2025-04-30 17:54:37.327,W 59 St & 10 Ave,7023.04,W 52 St & 5 Ave,6700.01,40.770513,-73.988038,40.75992262,-73.97648516,member
46BD984336ADDA85,electric_bike,2025-04-24 16:10:54.754,2025-04-24 17:15:52.704,Broadway & W 61 St,7014.12,E 1 St & Bowery,5636.13,40.77003010255044,-73.9819684624672,40.72486122254819,-73.99213135242462,member
62E816BF2697C692,electric_bike,2025-04-30 20:45:06.458,2025-04-30 20:57:59.287,W 59 St & 10 Ave,7023.04,E 91 St & 2 Ave,7286.01,40.770513,-73.988038,40.78115276427915,-73.94963040947914,member
982839144E1E2000,classic_bike,2025-04-30 17:39:08.718,2025-04-30 17:41:46.594,W 135 St & Lenox Terrace Pl,7832.04,5 Ave & W 131 St,7735.05,40.813619,-73.939336,40.81014,-73.93973,member
A64F3375C2184BF6,classic_bike,2025-04-29 18:03:22.207,2025-04-29 18:16:04.209,E 72 St & Park Ave,6998.08,E 91 St & 2 Ave,7286.01,40.77118287540658,-73.96409422159195,40.78115276427915,-73.94963040947914,member
7A30876F3229FCD0,classic_bike,2025-04-28 22:12:07.894,2025-04-28 22:14:48.764,W 135 St & Lenox Terrace Pl,7832.04,5 Ave & W 131 St,7735.05,40.813619,-73.939336,40.81014,-73.93973,member
6CB9A7A372671F21,classic_bike,2025-04-16 16:50:33.010,2025-04-16 16:52:43.133,W 135 St & Lenox Terrace Pl,7832.04,5 Ave & W 131 St,7735.05,40.813619,-73.939336,40.81014,-73.93973,member
02D1CAC0788A708D,electric_bike,2025-04-22 12:42:47.386,2025-04-22 12:46:20.709,Clarkson Ave & E 37 St,3463.01,Rogers Ave & Lenox Rd,3400.04,40.65577,-73.9432,40.65378,-73.95273,member
68A8959F366466AB,classic_bike,2025-04-24 12:23:28.365,2025-04-24 12:25:40.830,Underhill Ave & Pacific St,4231.04,Prospect Pl & Underhill Ave,4116.08,40.6804836,-73.9646795,40.6769694,-73.96579,member
11C0522E9CB898B4,electric_bike,2025-04-20 21:12:14.716,2025-04-20 21:19:23.480,W 106 St & Central Park W,7606.01,W 76 St & Columbus Ave,7281.09,40.7981856,-73.9605909006,40.7801839724239,-73.97728532552719,member
BC31E248202D04A1,electric_bike,2025-04-25 18:21:41.796,2025-04-25 18:27:45.785,Broadway & W 61 St,7014.12,W 76 St & Columbus Ave,7281.09,40.77003010255044,-73.9819684624672,40.7801839724239,-73.97728532552719,member
621129AA6F1B6AA9,electric_bike,2025-04-15 10:24:13.193,2025-04-15 10:49:05.603,W 59 St & 10 Ave,7023.04,E 1 St & Bowery,5636.13,40.770513,-73.988038,40.72486122254819,-73.99213135242462,member
7F3DCD8896A57035,electric_bike,2025-04-25 08:38:31.618,2025-04-25 09:15:49.186,Clarkson Ave & E 37 St,3463.01,E 1 St & Bowery,5636.13,40.65577,-73.9432,40.72486122254819,-73.99213135242462,member
E9BA9D202D9D1711,classic_bike,2025-04-29 13:34:19.533,2025-04-29 13:37:08.574,46 St & Queens Blvd,6209.08,43 Ave & 42 St,6251.06,40.74349759836971,-73.91860529780388,40.74534682580983,-73.9219419658184,member
47664FA2C840034F,electric_bike,2025-04-27 17:25:07.859,2025-04-27 17:34:18.634,Barrow St & Hudson St,5805.05,W 29 St & 9 Ave,6416.06,40.73172428,-74.00674436,40.7500727,-73.99839279,member
2C66E8C8C7D2CBB4,electric_bike,2025-04-15 12:38:47.844,2025-04-15 12:46:30.298,W 59 St & 10 Ave,7023.04,W 76 St & Columbus Ave,7281.09,40.770513,-73.988038,40.7801839724239,-73.97728532552719,casual
D1CA4E75B26573FD,classic_bike,2025-04-23 16:22:25.010,2025-04-23 17:01:02.439,Broadway & W 41 St,6560.01,W 76 St & Columbus Ave,7281.09,40.75513557,-73.98658032,40.7801839724239,-73.97728532552719,casual
D92035E2E7F2A43A,electric_bike,2025-04-17 21:37:32.621,2025-04-17 21:44:44.321,W 111 St & 5 Ave,7587.16,5 Ave & W 131 St,7735.05,40.79752078124755,-73.9489397406578,40.81014,-73.93973,casual
F5B084B8749BA367,electric_bike,2025-04-24 15:15:27.420,2025-04-24 15:24:09.636,Irving Ave & Palmetto St,4775.01,Fresh Pond Rd & 69 Ave,4945.06,40.698,-73.9127,40.70311,-73.89547,casual
B14230147B94603D,electric_bike,2025-04-25 18:05:51.796,2025-04-25 18:23:26.022,W 59 St & 10 Ave,7023.04,E 91 St & 2 Ave,7286.01,40.770513,-73.988038,40.78115276427915,-73.94963040947914,casual
EF4F0DAD9D0F38D5,electric_bike,2025-04-21 23:57:59.065,2025-04-22 00:13:05.614,Cherry St,5181.04,St Marks Pl & 2 Ave,5669.10,40.71219906,-73.97948148,40.7284186,-73.98713956,casual
BED7FBB7A65371A6,classic_bike,2025-04-28 20:48:37.219,2025-04-28 20:56:55.993,Sterling Pl & Franklin Ave,4033.16,Ocean Ave & Crooke Ave,3408.05,40.67324785,-73.95689517,40.65326,-73.96172,casual
D0F64DD030F5F623,electric_bike,2025-04-24 18:26:56.619,2025-04-24 18:41:32.241,W 106 St & Central Park W,7606.01,E 138 St & Grand Concourse,7803.08,40.7981856,-73.9605909006,40.813224,-73.930605,member
2E8DA73F73518162,classic_bike,2025-04-21 17:38:24.885,2025-04-21 17:40:58.797,W 135 St & Lenox Terrace Pl,7832.04,5 Ave & W 131 St,7735.05,40.813619,-73.939336,40.81014,-73.93973,member
B1C91C57904CF297,electric_bike,2025-04-23 21:05:00.708,2025-04-23 21:13:03.000,W 111 St & 5 Ave,7587.16,E 103 St & Lexington Ave,7463.09,40.79752078124755,-73.9489397406578,40.7903051,-73.94755757,member
EC2FF25BD57944EC,classic_bike,2025-04-29 15:24:07.345,2025-04-29 15:32:23.595,W 111 St & 5 Ave,7587.16,E 103 St & Lexington Ave,7463.09,40.79752078124755,-73.9489397406578,40.7903051,-73.94755757,member
F5F48A90686DE594,electric_bike,2025-04-29 19:26:53.388,2025-04-29 19:40:47.259,W 111 St & 5 Ave,7587.16,W 76 St & Columbus Ave,7281.09,40.79752078124755,-73.9489397406578,40.7801839724239,-73.97728532552719,member
C212FA0737587F13,classic_bike,2025-04-25 14:50:37.755,2025-04-25 15:05:38.026,W 59 St & 10 Ave,7023.04,W 29 St & 9 Ave,6416.06,40.770513,-73.988038,40.7500727,-73.99839279,member
45A9DCA1DA848479,electric_bike,2025-04-27 12:58:47.661,2025-04-27 13:06:49.044,W 54 St & 11 Ave,6955.05,W 52 St & 5 Ave,6700.01,40.768333,-73.992573,40.75992262,-73.97648516,member
2460C7762C73707D,classic_bike,2025-04-28 15:49:58.409,2025-04-28 16:02:53.228,W 59 St & 10 Ave,7023.04,W 29 St & 9 Ave,6416.06,40.770513,-73.988038,40.7500727,-73.99839279,member
64A50FB578F6C715,electric_bike,2025-04-20 09:46:10.544,2025-04-20 09:51:41.380,Broadway & W 41 St,6560.01,W 52 St & 5 Ave,6700.01,40.75513557,-73.98658032,40.75992262,-73.97648516,casual
136E139BDBF258D4,classic_bike,2025-04-21 12:24:51.016,2025-04-21 12:29:47.696,Underhill Ave & Pacific St,4231.04,Prospect Pl & Underhill Ave,4116.08,40.6804836,-73.9646795,40.6769694,-73.96579,casual
6EB9055E143E67E7,electric_bike,2025-04-24 17:07:23.296,2025-04-24 17:15:57.255,Barrow St & Hudson St,5805.05,W Broadway & Watts St,5569.07,40.73172428,-74.00674436,40.72323,-74.00314,casual
D13132F92F02904B,classic_bike,2025-04-24 18:49:03.820,2025-04-24 19:19:48.111,W 106 St & Central Park W,7606.01,E 91 St & 2 Ave,7286.01,40.7981856,-73.9605909006,40.78115276427915,-73.94963040947914,casual
9236E25ECE49A0E7,electric_bike,2025-04-21 17:08:48.351,2025-04-21 17:21:31.858,W 106 St & Central Park W,7606.01,W 76 St & Columbus Ave,7281.09,40.7981856,-73.9605909006,40.7801839724239,-73.97728532552719,casual
DCAFE6EA9CC0120C,electric_bike,2025-04-27 11:42:49.778,2025-04-27 11:50:35.310,Broadway & W 61 St,7014.12,W 76 St & Columbus Ave,7281.09,40.77003010255044,-73.9819684624672,40.7801839724239,-73.97728532552719,casual
90B082E4C0D12682,electric_bike,2025-04-24 22:07:50.912,2025-04-24 22:40:56.933,President St & 4 Ave,4101.17,Meserole Ave & Manhattan Ave,5666.04,40.676757,-73.983262,40.72708584,-73.95299117,casual
3F963EFBE4E91BF5,electric_bike,2025-04-27 20:47:48.554,2025-04-27 20:56:00.363,Delancey St & Eldridge St,5414.07,St Marks Pl & 2 Ave,5669.10,40.719383,-73.991479,40.7284186,-73.98713956,casual
EA61FA0CC628F06D,electric_bike,2025-04-23 15:00:54.363,2025-04-23 15:32:15.638,Broadway & W 61 St,7014.12,St Marks Pl & 2 Ave,5669.10,40.77003010255044,-73.9819684624672,40.7284186,-73.98713956,casual
B1EBD2A153B03870,electric_bike,2025-04-29 09:44:40.837,2025-04-29 09:48:09.383,Delancey St & Eldridge St,5414.07,W Broadway & Watts St,5569.07,40.719383,-73.991479,40.72323,-74.00314,member
6EA4AFB6826BD6B0,electric_bike,2025-04-20 00:26:00.901,2025-04-20 00:34:46.831,W 54 St & 11 Ave,6955.05,W 76 St & Columbus Ave,7281.09,40.768333,-73.992573,40.7801839724239,-73.97728532552719,casual
E1707C60BB18E621,electric_bike,2025-04-24 14:46:03.498,2025-04-24 14:50:24.394,W 135 St & Lenox Terrace Pl,7832.04,Lincoln Ave & E 138 St,7744.06,40.813619,-73.939336,40.810893,-73.927311,casual
260DB1223648493A,electric_bike,2025-04-16 10:47:14.281,2025-04-16 10:54:55.874,Macon St & Nostrand Ave,4214.03,Prospect Pl & Underhill Ave,4116.08,40.6809833854,-73.9500479759,40.6769694,-73.96579,member
E0A65E694D1A10B8,classic_bike,2025-04-30 22:07:05.010,2025-04-30 22:19:03.765,W 54 St & 11 Ave,6955.05,W 29 St & 9 Ave,6416.06,40.768333,-73.992573,40.7500727,-73.99839279,member
FBEBB65180AE8386,electric_bike,2025-04-29 19:05:02.226,2025-04-29 19:15:42.975,Cherry St,5181.04,W Broadway & Watts St,5569.07,40.71219906,-73.97948148,40.72323,-74.00314,member
44E9F7FF837C26DC,electric_bike,2025-04-16 22:24:59.535,2025-04-16 22:34:23.306,23 Rd & 31 St,7082.14,88 St & Astoria Blvd,6848.04,40.77336750284339,-73.91382560133934,40.76424,-73.8812,member
EB9BC3A6FB16CE32,electric_bike,2025-04-17 10:45:35.952,2025-04-17 10:55:27.333,Broadway & W 41 St,6560.01,W 52 St & 5 Ave,6700.01,40.75513557,-73.98658032,40.75992262,-73.97648516,member
2AAB4F6E65B68A83,electric_bike,2025-04-22 08:22:29.345,2025-04-22 08:53:28.739,W 59 St & 10 Ave,7023.04,Broad St & Bridge St,4962.08,40.770513,-73.988038,40.70365182,-74.01167797,member
B3A5B340D64EE26C,electric_bike,2025-04-15 15:19:49.768,2025-04-15 15:34:55.300,Broadway & W 41 St,6560.01,W 76 St & Columbus Ave,7281.09,40.75513557,-73.98658032,40.7801839724239,-73.97728532552719,member
5E4A90B27C73C92C,electric_bike,2025-04-24 06:57:19.971,2025-04-24 07:05:05.527,W 59 St & 10 Ave,7023.04,W 52 St & 5 Ave,6700.01,40.770513,-73.988038,40.75992262,-73.97648516,member
BE7E2B2590D1763C,classic_bike,2025-04-16 19:16:10.230,2025-04-16 19:24:38.168,Caton Ave & Bedford Ave,3368.04,Rogers Ave & Lenox Rd,3400.04,40.65237,-73.95623,40.65378,-73.95273,member
0FE97EBB1776C708,classic_bike,2025-04-28 10:13:43.535,2025-04-28 10:23:21.646,W 54 St & 11 Ave,6955.05,W 52 St & 5 Ave,6700.01,40.768333,-73.992573,40.75992262,-73.97648516,member
9D4C0F407B54BCBC,electric_bike,2025-04-18 10:12:25.686,2025-04-18 10:28:26.306,Barrow St & Hudson St,5805.05,W 52 St & 5 Ave,6700.01,40.73172428,-74.00674436,40.75992262,-73.97648516,member
B61E30C18F9345E1,electric_bike,2025-04-21 15:34:43.481,2025-04-21 16:07:58.915,W 59 St & 10 Ave,7023.04,Lincoln Ave & E 138 St,7744.06,40.770513,-73.988038,40.810893,-73.927311,casual
AA5A6E5FB8F39606,electric_bike,2025-04-21 15:17:28.537,2025-04-21 15:23:02.790,W 59 St & 10 Ave,7023.04,W 76 St & Columbus Ave,7281.09,40.770513,-73.988038,40.7801839724239,-73.97728532552719,casual
DE239C320156BE66,electric_bike,2025-04-22 16:11:45.811,2025-04-22 16:29:15.409,Macon St & Nostrand Ave,4214.03,Adams St & Prospect St,4821.10,40.6809833854,-73.9500479759,40.700763083261506,-73.98869812488556,casual
939123B1A50BD91D,classic_bike,2025-04-22 10:36:34.055,2025-04-22 10:39:51.760,W 135 St & Lenox Terrace Pl,7832.04,5 Ave & W 131 St,7735.05,40.813619,-73.939336,40.81014,-73.93973,casual
CD897E8CB010A919,electric_bike,2025-04-20 03:33:29.818,2025-04-20 03:38:25.700,Prospect Pl & Nostrand Ave,4025.02,Prospect Pl & Underhill Ave,4116.08,40.67428,-73.9503,40.6769694,-73.96579,casual
D7DF4C14ECA0C2D3,classic_bike,2025-04-25 13:11:59.351,2025-04-25 13:30:26.937,Clermont Ave & Lafayette Ave,4461.01,Adams St & Prospect St,4821.10,40.68764484,-73.96968902,40.700763083261506,-73.98869812488556,casual
A47154347F20DE49,electric_bike,2025-04-26 16:20:48.007,2025-04-26 16:36:55.161,Delancey St & Eldridge St,5414.07,W 29 St & 9 Ave,6416.06,40.719383,-73.991479,40.7500727,-73.99839279,casual
0F7E68323CE91957,classic_bike,2025-04-15 09:43:54.305,2025-04-15 09:48:33.082,Delancey St & Eldridge St,5414.07,W Broadway & Watts St,5569.07,40.719383,-73.991479,40.72323,-74.00314,member
B3684C957EE8927A,electric_bike,2025-04-30 18:45:29.044,2025-04-30 20:23:53.900,E 68 St & Madison Ave,6932.15,W 76 St & Columbus Ave,7281.09,40.7691572,-73.96703464,40.7801839724239,-73.97728532552719,casual
29626537C8189C71,classic_bike,2025-04-21 20:20:30.781,2025-04-21 20:43:32.748,Court St & State St,4488.08,Adams St & Prospect St,4821.10,40.6902375,-73.99203074,40.700763083261506,-73.98869812488556,casual
810B1167C92E13EE,electric_bike,2025-04-19 17:18:59.330,2025-04-19 17:49:15.886,Broadway & W 61 St,7014.12,Edgecombe Ave & W 150 St,8049.05,40.77003010255044,-73.9819684624672,40.826881,-73.941427,casual
7908DF06BD1756F8,electric_bike,2025-04-21 11:45:51.620,2025-04-21 11:54:31.209,102 St & 34 Ave,6576.07,88 St & Astoria Blvd,6848.04,40.75584,-73.86621,40.76424,-73.8812,casual
4A7F3945D26FF404,electric_bike,2025-04-27 05:13:57.114,2025-04-27 06:19:13.493,Delancey St & Eldridge St,5414.07,Maiden Ln & Pearl St,5065.10,40.719383,-73.991479,40.70706456,-74.00731853,casual
29410DEB30B7CC5F,classic_bike,2025-04-27 12:26:07.511,2025-04-27 13:15:21.241,W 106 St & Central Park W,7606.01,W 76 St & Columbus Ave,7281.09,40.7981856,-73.9605909006,40.7801839724239,-73.97728532552719,casual
59C362BA0915A086,classic_bike,2025-04-27 12:39:07.006,2025-04-27 13:15:19.283,W 106 St & Central Park W,7606.01,W 76 St & Columbus Ave,7281.09,40.7981856,-73.9605909006,40.7801839724239,-73.97728532552719,casual
3B2A30665807579B,electric_bike,2025-04-19 14:01:35.554,2025-04-19 14:53:37.798,W 54 St & 11 Ave,6955.05,E 1 St & Bowery,5636.13,40.768333,-73.992573,40.72486122254819,-73.99213135242462,casual
76E9E06848DEE071,electric_bike,2025-04-24 22:06:38.293,2025-04-24 22:14:22.301,President St & 4 Ave,4101.17,Willoughby St & Ashland Pl,4587.02,40.676757,-73.983262,40.69178,-73.97877,member
1659260388D583FD,classic_bike,2025-04-23 15:07:45.441,2025-04-23 15:14:50.956,Broadway & W 61 St,7014.12,W 76 St & Columbus Ave,7281.09,40.77003010255044,-73.9819684624672,40.7801839724239,-73.97728532552719,member
04741A3B3C9A34DB,electric_bike,2025-04-17 07:19:08.882,2025-04-17 07:27:41.786,W 59 St & 10 Ave,7023.04,W 52 St & 5 Ave,6700.01,40.770513,-73.988038,40.75992262,-73.97648516,member
